accession	accession_version	strain	date	region	country	division	location	length	host	date_released	date_updated	sra_accessions	full_authors	authors	institution	url	clade	coverage	missing_data	divergence	nonACGTN	QC_overall	QC_missing_data	QC_mixed_sites	QC_rare_mutations	QC_snp_clusters	QC_frame_shifts	QC_stop_codons	frame_shifts	private_reversion_substitutions	private_labeled_substitutions	private_unlabeled_substitutions	private_total_reversion_substitutions	private_total_labeled_substitutions	private_total_unlabeled_substitutions	private_total_private_substitutions	private_snp_clusters	private_total_snp_clusters
MF370535	MF370535.1	PR5818-BeAn841176	2016-08-30	South America	Brazil			10897	Alouatta sp.	2018-10-01	2020-05-08		Cruz,A.C.R.,Rodrigues,S.G.,Martins,L.C.,Azevedo,R.S.S.,Silva,S.P.,Vasconcelos,P.F.C.	Cruz et al.	Evandro Chagas Intitute, Secao de Arbovirologia e Febres Hemorragicas	https://www.ncbi.nlm.nih.gov/nuccore/MF370535	Clade VI	1.0	0.0	97.0	0.0	good	good	good	good	good	good	good		T276C,A297T		T525C,A528G,A654G,G660A,G666A	2.0	0.0	5.0	7.0		0.0
MG589641	MG589641.1	YFV-SH01/2016	2016-03-18	Asia	China			10789	Homo sapiens	2019-11-01	2019-11-01		Li,M.,Bi,Y.,Gary,W.,Wang,B.,Li,L.,Zeng,H.	Li et al.	Institute of Microbiology, Center for Influenza Research and Early-warning (CASCIRE), Chinese Academy of Sciences, CAS Key Laboratory of Pathogenic Microbiology and Immunology	https://www.ncbi.nlm.nih.gov/nuccore/MG589641	Clade I	1.0	0.0	133.0	0.0	mediocre	good	good	mediocre	good	good	good		A456G,A540G,T573C		T99C,T102C,T171A,G282A,A294C,G471A,A599G,C609T,A654T,G666A,T672C	3.0	0.0	11.0	14.0		0.0
MH018078	MH018078.1	YFV/Human/Brazil/2017/M51	2017-01-18	South America	Brazil	Minas Gerais	Novo Cruzeiro	10213	Homo sapiens	2018-05-05	2018-05-05		Faria,N.R.,Kraemer,M.U.G.,Hill,S.,de Jesus,J.G.,Aguiar,R.Sd.S.,Iani,F.C.M.,Xavier,J.,Quick,J.,Plessis,Ld.,Dellicour,S.,Theze,J.,Carvalho,R.D.O.,Baele,G.,Wu,C.-H.,Silveira,P.P.,Arruda,M.B.,Pereira,M.A.,Pereira,Gd.C.,Lourenco,J.,Obolski,U.,Abade,L.,Vasylyeva,T.,Giovanetti,M.,Li,D.,Weiss,D.J.,Wint,W.G.R.,Shearer,F.M.,Funk,S.,Nikolay,B.,Adelino,T.E.R.,Oliveira,M.A.A.,Silva,M.V.F.,Sacchetto,L.,Figueiredo,Pd.O.,Rezende,I.Md.M.,de Mello,E.M.,Said,R.Fd.C.F.,Santos,D.Ad.A.,Ferraz,M.L.,de Brito,M.G.,de Santana,L.F.,Menezes,M.T.,Brindeiro,R.M.,Tanuri,A.,dos Santos,F.C.P.,Cunha,M.S.,Nogueira,J.S.,Rocco,I.M.,da Costa,A.C.,Komninakis,S.C.V.,Azevedo,V.,Chieppe,A.O.,de Araujo,E.S.M.,de Mendonca,M.C.L.,dos Santos,C.C.,Rodrigues,C.Dd.S.D.,Guia,M.A.M.,Nogueira,R.M.R.,de Sequeira,P.C.,de Abreu,R.G.,Garcia,M.Hd.O.H.,de Abreu,A.L.,Okumoto,O.,Kroon,E.G.,de Albuquerque,C.F.C.,Lewandowski,K.,Pullan,S.T.,Carroll,M.,Sabino,E.C.,Souza,R.P.,Suchard,M.A.,Lemey,P.,Trindade,Gd.S.,Drumond,B.P.,de Filippis,A.M.B.,Loman,N.,Cauchemez,S.,Alcantara,L.C.J.,Pybus,O.G.,Hill,S.C.,Goes de Jesus,J.,Aguiar,R.S.,du Plessis,L.,Trindade,G.S.,Mello,E.M.,Figueiredo,P.O.,Rezende,I.M.,Nikolai,B.,Wint,G.R.W.,Yi,D.,Abreu,A.L.,Abreu,R.G.,da Cruz,L.N.,Pereira,G.C.,Said,R.F.C.,Santos,D.A.,Brito,M.G.,Santana,L.F.,Garcia,M.H.O.,Souza,R.,Bispo,A.,Loman,N.J.	Faria et al.	University of Oxford, Zoology	https://www.ncbi.nlm.nih.gov/nuccore/MH018078	Clade VI	1.0	0.0	97.0	0.0	good	good	good	good	good	good	good		T276C,A297T		T525C,A528G,A654G,G660A,G666A	2.0	0.0	5.0	7.0		0.0
MH030056	MH030056.1	YFV/Monkey/Brazil/2017/Y8	2017-09-12	South America	Brazil	Sao Paulo	Jundiai	10169	Alouatta sp.	2020-01-01	2020-01-01		Souza,R.P.,Hill,S.C.,Theze,J.,Claro,I.,Santos,F.C.P.,Cunha,M.S.,Aguiar,R.S.,Silveira,P.P.,Nogueira,J.S.,Salles,F.C.S.,Rocco,I.M.,Maeda,A.Y.,Vasami,F.G.S.,Quick,J.,Loman,N.,Pybus,O.G.,Macedo,F.L.L.,Timenetsky,M.C.S.T.,Alcantara,L.C.J.,Sabino,E.C.,Faria,N.R.	Souza et al.	University of Oxford, Zoology	https://www.ncbi.nlm.nih.gov/nuccore/MH030056	Clade VI	1.0	0.0	98.0	0.0	good	good	good	mediocre	good	good	good		T276C,A297T		T525C,A528G,C549T,A654G,G660A,G666A	2.0	0.0	6.0	8.0		0.0
MH030089	MH030089.1	YFV/Human/Brazil/2017/Y41	2017-05-03	South America	Brazil	Sao Paulo	Sao Joao Boa Vista	10169	Homo sapiens	2020-01-01	2020-01-01		Souza,R.P.,Hill,S.C.,Theze,J.,Claro,I.,Santos,F.C.P.,Cunha,M.S.,Aguiar,R.S.,Silveira,P.P.,Nogueira,J.S.,Salles,F.C.S.,Rocco,I.M.,Maeda,A.Y.,Vasami,F.G.S.,Quick,J.,Loman,N.,Pybus,O.G.,Macedo,F.L.L.,Timenetsky,M.C.S.T.,Alcantara,L.C.J.,Sabino,E.C.,Faria,N.R.	Souza et al.	University of Oxford, Zoology	https://www.ncbi.nlm.nih.gov/nuccore/MH030089	Clade VI	1.0	0.0	97.0	0.0	good	good	good	good	good	good	good		T276C,A297T		T525C,A528G,A654G,G660A,G666A	2.0	0.0	5.0	7.0		0.0
MH030091	MH030091.1	YFV/Human/Brazil/2017/Y43	2017-05-29	South America	Brazil	Sao Paulo	Campinas	10169	Homo sapiens	2020-01-01	2020-01-01		Souza,R.P.,Hill,S.C.,Theze,J.,Claro,I.,Santos,F.C.P.,Cunha,M.S.,Aguiar,R.S.,Silveira,P.P.,Nogueira,J.S.,Salles,F.C.S.,Rocco,I.M.,Maeda,A.Y.,Vasami,F.G.S.,Quick,J.,Loman,N.,Pybus,O.G.,Macedo,F.L.L.,Timenetsky,M.C.S.T.,Alcantara,L.C.J.,Sabino,E.C.,Faria,N.R.	Souza et al.	University of Oxford, Zoology	https://www.ncbi.nlm.nih.gov/nuccore/MH030091	Clade VI	0.5282738095238095	317.0	53.0	0.0	bad	bad	good	good	good	good	good		T276C,A297T			2.0	0.0	0.0	2.0		0.0
MK583162	MK583162.1	YFV038FIG	2018-01-31	South America	Brazil	São Paulo	São Paulo BR	10999	Homo sapiens	2020-01-12	2020-01-12		Cunha,M.D.P.,Duarte-Neto,A.N.,Pour,S.Z.,Ortiz-Baez,A.S.,Cerny,J.,Pereira,B.B.S.,Braconi,C.T.,Ho,Y.L.,Perondi,B.,Sztajnbok,J.,Alves,V.A.F.,Dolhnikoff,M.,Holmes,E.C.,Saldiva,P.H.N.,Zanotto,P.M.A.,Cunha,M.P.,Ho,Y.-L.	Cunha et al.	University of Sao Paulo, Department of Microbiology, Biomedical Sciences Institute	https://www.ncbi.nlm.nih.gov/nuccore/MK583162	Clade VI	1.0	0.0	97.0	0.0	good	good	good	good	good	good	good		T276C,A297T		T525C,A528G,A654G,G660A,G666A	2.0	0.0	5.0	7.0		0.0
MN643083	MN643083.1	H319	2018-02-25	South America	Brazil	Teresopolis-Rj		10682	Homo sapiens	2022-06-10	2022-06-10		Abreu,F.V.S.,Ribeiro,I.P.,Furtado,N.D.,dos Santos,A.A.C.,Cruz,S.O.D.,Mello,I.S.,Dos Santos,M.P.,Raphael,L.M.S.,Ferreira-de-Brito,A.,Pina-Costa,A.,Brasil,P.,Lourenco-de-Oliveira,R.,Bonaldo,M.C.	Abreu et al.	Fundacao Oswaldo Cruz, Laboratorio de Biologia Molecular de Flavivirus	https://www.ncbi.nlm.nih.gov/nuccore/MN643083	Clade VI	1.0	0.0	97.0	0.0	good	good	good	good	good	good	good		T276C,A297T		T525C,A528G,A654G,G660A,G666A	2.0	0.0	5.0	7.0		0.0
MN643087	MN643087.1	H333	2018-02-13	South America	Brazil	Ilha Grande-Rj		11007	Homo sapiens	2022-06-10	2022-06-10		Abreu,F.V.S.,Ribeiro,I.P.,Furtado,N.D.,dos Santos,A.A.C.,Cruz,S.O.D.,Mello,I.S.,Dos Santos,M.P.,Raphael,L.M.S.,Ferreira-de-Brito,A.,Pina-Costa,A.,Brasil,P.,Lourenco-de-Oliveira,R.,Bonaldo,M.C.	Abreu et al.	Fundacao Oswaldo Cruz, Laboratorio de Biologia Molecular de Flavivirus	https://www.ncbi.nlm.nih.gov/nuccore/MN643087	Clade VI	1.0	0.0	97.0	0.0	good	good	good	good	good	good	good		T276C,A297T		T525C,A528G,A654G,G660A,G666A	2.0	0.0	5.0	7.0		0.0
MW249085	MW249085.1	FNV-S5	2019-02-07	Europe	France			10714	Homo sapiens	2021-05-12	2021-05-12		Bakoa,F.,Prehaud,C.,Beauclair,G.,Chazal,M.,Mantel,N.,Lafon,M.,Jouvenet,N.	Bakoa et al.	Institut Pasteur, Department of Virology	https://www.ncbi.nlm.nih.gov/nuccore/MW249085	Clade V	1.0	0.0	9.0	0.0	mediocre	good	good	mediocre	mediocre	good	good				T54C,C149A,C214T,A352G,C366T,T396C,T402C,C494T,G666A	0.0	0.0	9.0	9.0	352-401:4	4.0
MW249087	MW249087.1	FNV-S7	2019-02-07	Europe	France			10727	Homo sapiens	2021-05-12	2021-05-12		Bakoa,F.,Prehaud,C.,Beauclair,G.,Chazal,M.,Mantel,N.,Lafon,M.,Jouvenet,N.	Bakoa et al.	Institut Pasteur, Department of Virology	https://www.ncbi.nlm.nih.gov/nuccore/MW249087	Clade V	1.0	0.0	8.0	0.0	mediocre	good	good	mediocre	mediocre	good	good				T54C,C214T,A352G,C366T,T396C,T402C,C494T,G666A	0.0	0.0	8.0	8.0	352-401:4	4.0
MW249094	MW249094.1	FNV-NS15	2019-02-07	Europe	France			10715	Homo sapiens	2021-05-12	2021-05-12		Bakoa,F.,Prehaud,C.,Beauclair,G.,Chazal,M.,Mantel,N.,Lafon,M.,Jouvenet,N.	Bakoa et al.	Institut Pasteur, Department of Virology	https://www.ncbi.nlm.nih.gov/nuccore/MW249094	Clade V	1.0	0.0	10.0	0.0	mediocre	good	good	mediocre	mediocre	good	good				T54C,C214T,A333G,A352G,C366T,T396C,T402C,C494T,T519C,G666A	0.0	0.0	10.0	10.0	352-401:4	4.0
ON022279	ON022279.1	0185/2018	2018-01-11	South America	Brazil	Rj	Valenca [Ibge7 3306107]	9763	Homo sapiens	2022-08-28	2022-08-28		Hill,S.C.,Dellicour,S.,Claro,I.M.,Sequeira,P.,Adelino,T.,Theze,J.,Wu,C.-H.,Rebello Moreira,F.R.,Giovanetti,M.,Li,S.,de Jesus,J.G.,Colon-Gonzalez,F.,Chamberlain,H.R.,Pannell,O.,Tejedor-Garavito,N.,Bruycker-Nogueira,F.,Fabri,A.A.,Xavier,J.,Zarebski,A.E.,Hamlet,A.,Mureb Sallum,M.A.,da Costa,A.C.,Manuli,E.,Levin,A.S.,Mucci,L.F.,Tubaki,R.M.,Tironi de Menezes,R.M.,Telles de Deus,J.,Spinola,R.,Saad,L.,Kallas,E.G.,Wint,G.W.,Peixoto,P.S.,de Souza Santo,A.,Messina,J.P.,Brady,O.J.,Tatem,A.,Suchard,M.A.,Mendez-Rico,J.,Abreu,A.,Alcantara,L.C.J.,Santana Aguiar,R.,Pybus,O.G.,Baele,G.,Lemey,P.,Iani,F.,Cunha,M.S.,Bispo de Filippis,A.M.,Sabino,E.C.,Faria,N.R.	Hill et al.	Royal Veterinary College, Pathobiology and Population Sciences	https://www.ncbi.nlm.nih.gov/nuccore/ON022279	Clade VI	0.5282738095238095	317.0	53.0	0.0	bad	bad	good	good	good	good	good		T36C,A297T		T231C	2.0	0.0	1.0	3.0		0.0
ON022307	ON022307.1	37071	2018-04-20	South America	Brazil	São Paulo	Sao Sebastiao [Ibge7 3550704]	10172	Homo sapiens	2022-08-28	2022-08-28		Hill,S.C.,Dellicour,S.,Claro,I.M.,Sequeira,P.,Adelino,T.,Theze,J.,Wu,C.-H.,Rebello Moreira,F.R.,Giovanetti,M.,Li,S.,de Jesus,J.G.,Colon-Gonzalez,F.,Chamberlain,H.R.,Pannell,O.,Tejedor-Garavito,N.,Bruycker-Nogueira,F.,Fabri,A.A.,Xavier,J.,Zarebski,A.E.,Hamlet,A.,Mureb Sallum,M.A.,da Costa,A.C.,Manuli,E.,Levin,A.S.,Mucci,L.F.,Tubaki,R.M.,Tironi de Menezes,R.M.,Telles de Deus,J.,Spinola,R.,Saad,L.,Kallas,E.G.,Wint,G.W.,Peixoto,P.S.,de Souza Santo,A.,Messina,J.P.,Brady,O.J.,Tatem,A.,Suchard,M.A.,Mendez-Rico,J.,Abreu,A.,Alcantara,L.C.J.,Santana Aguiar,R.,Pybus,O.G.,Baele,G.,Lemey,P.,Iani,F.,Cunha,M.S.,Bispo de Filippis,A.M.,Sabino,E.C.,Faria,N.R.	Hill et al.	Royal Veterinary College, Pathobiology and Population Sciences	https://www.ncbi.nlm.nih.gov/nuccore/ON022307	Clade VI	1.0	0.0	97.0	0.0	good	good	good	good	good	good	good		T276C,A297T		T525C,A528G,A654G,G660A,G666A	2.0	0.0	5.0	7.0		0.0
ON022374	ON022374.1	0881/17 IV	2017-03-13	South America	Brazil	Minas Gerais	Senador Jose Bento [Ibge7 3165800]	10172	Alouatta	2022-08-28	2022-08-28		Hill,S.C.,Dellicour,S.,Claro,I.M.,Sequeira,P.,Adelino,T.,Theze,J.,Wu,C.-H.,Rebello Moreira,F.R.,Giovanetti,M.,Li,S.,de Jesus,J.G.,Colon-Gonzalez,F.,Chamberlain,H.R.,Pannell,O.,Tejedor-Garavito,N.,Bruycker-Nogueira,F.,Fabri,A.A.,Xavier,J.,Zarebski,A.E.,Hamlet,A.,Mureb Sallum,M.A.,da Costa,A.C.,Manuli,E.,Levin,A.S.,Mucci,L.F.,Tubaki,R.M.,Tironi de Menezes,R.M.,Telles de Deus,J.,Spinola,R.,Saad,L.,Kallas,E.G.,Wint,G.W.,Peixoto,P.S.,de Souza Santo,A.,Messina,J.P.,Brady,O.J.,Tatem,A.,Suchard,M.A.,Mendez-Rico,J.,Abreu,A.,Alcantara,L.C.J.,Santana Aguiar,R.,Pybus,O.G.,Baele,G.,Lemey,P.,Iani,F.,Cunha,M.S.,Bispo de Filippis,A.M.,Sabino,E.C.,Faria,N.R.	Hill et al.	Royal Veterinary College, Pathobiology and Population Sciences	https://www.ncbi.nlm.nih.gov/nuccore/ON022374	Clade VI	1.0	0.0	97.0	0.0	good	good	good	good	good	good	good		T276C,A297T		T525C,A528G,A654G,G660A,G666A	2.0	0.0	5.0	7.0		0.0
ON022394	ON022394.1	0884/18 IV	2018-04-06	South America	Brazil	Minas Gerais	Tiradentes [Ibge7 3168804]	10172	Callithrix penicillata	2022-08-28	2022-08-28		Hill,S.C.,Dellicour,S.,Claro,I.M.,Sequeira,P.,Adelino,T.,Theze,J.,Wu,C.-H.,Rebello Moreira,F.R.,Giovanetti,M.,Li,S.,de Jesus,J.G.,Colon-Gonzalez,F.,Chamberlain,H.R.,Pannell,O.,Tejedor-Garavito,N.,Bruycker-Nogueira,F.,Fabri,A.A.,Xavier,J.,Zarebski,A.E.,Hamlet,A.,Mureb Sallum,M.A.,da Costa,A.C.,Manuli,E.,Levin,A.S.,Mucci,L.F.,Tubaki,R.M.,Tironi de Menezes,R.M.,Telles de Deus,J.,Spinola,R.,Saad,L.,Kallas,E.G.,Wint,G.W.,Peixoto,P.S.,de Souza Santo,A.,Messina,J.P.,Brady,O.J.,Tatem,A.,Suchard,M.A.,Mendez-Rico,J.,Abreu,A.,Alcantara,L.C.J.,Santana Aguiar,R.,Pybus,O.G.,Baele,G.,Lemey,P.,Iani,F.,Cunha,M.S.,Bispo de Filippis,A.M.,Sabino,E.C.,Faria,N.R.	Hill et al.	Royal Veterinary College, Pathobiology and Population Sciences	https://www.ncbi.nlm.nih.gov/nuccore/ON022394	Clade VI	1.0	0.0	99.0	0.0	good	good	good	mediocre	good	good	good		T276C,A297T		C1T,C304T,T525C,A528G,A654G,G660A,G666A	2.0	0.0	7.0	9.0		0.0
ON022402	ON022402.1	1908/17 IV	2017-11-07	South America	Brazil	Minas Gerais	Casa Grande [Ibge7 3114907]	10172	Primates	2022-08-28	2022-08-28		Hill,S.C.,Dellicour,S.,Claro,I.M.,Sequeira,P.,Adelino,T.,Theze,J.,Wu,C.-H.,Rebello Moreira,F.R.,Giovanetti,M.,Li,S.,de Jesus,J.G.,Colon-Gonzalez,F.,Chamberlain,H.R.,Pannell,O.,Tejedor-Garavito,N.,Bruycker-Nogueira,F.,Fabri,A.A.,Xavier,J.,Zarebski,A.E.,Hamlet,A.,Mureb Sallum,M.A.,da Costa,A.C.,Manuli,E.,Levin,A.S.,Mucci,L.F.,Tubaki,R.M.,Tironi de Menezes,R.M.,Telles de Deus,J.,Spinola,R.,Saad,L.,Kallas,E.G.,Wint,G.W.,Peixoto,P.S.,de Souza Santo,A.,Messina,J.P.,Brady,O.J.,Tatem,A.,Suchard,M.A.,Mendez-Rico,J.,Abreu,A.,Alcantara,L.C.J.,Santana Aguiar,R.,Pybus,O.G.,Baele,G.,Lemey,P.,Iani,F.,Cunha,M.S.,Bispo de Filippis,A.M.,Sabino,E.C.,Faria,N.R.	Hill et al.	Royal Veterinary College, Pathobiology and Population Sciences	https://www.ncbi.nlm.nih.gov/nuccore/ON022402	Clade VI	1.0	0.0	99.0	0.0	good	good	good	mediocre	good	good	good		T276C,A297T		C1T,C304T,T525C,A528G,A654G,G660A,G666A	2.0	0.0	7.0	9.0		0.0
ON022461	ON022461.1	0253/2017	2017-01-24	South America	Brazil	Espirito Santo	Santa Teresa [Ibge7 3204609]	10172	Primates	2022-08-28	2022-08-28		Hill,S.C.,Dellicour,S.,Claro,I.M.,Sequeira,P.,Adelino,T.,Theze,J.,Wu,C.-H.,Rebello Moreira,F.R.,Giovanetti,M.,Li,S.,de Jesus,J.G.,Colon-Gonzalez,F.,Chamberlain,H.R.,Pannell,O.,Tejedor-Garavito,N.,Bruycker-Nogueira,F.,Fabri,A.A.,Xavier,J.,Zarebski,A.E.,Hamlet,A.,Mureb Sallum,M.A.,da Costa,A.C.,Manuli,E.,Levin,A.S.,Mucci,L.F.,Tubaki,R.M.,Tironi de Menezes,R.M.,Telles de Deus,J.,Spinola,R.,Saad,L.,Kallas,E.G.,Wint,G.W.,Peixoto,P.S.,de Souza Santo,A.,Messina,J.P.,Brady,O.J.,Tatem,A.,Suchard,M.A.,Mendez-Rico,J.,Abreu,A.,Alcantara,L.C.J.,Santana Aguiar,R.,Pybus,O.G.,Baele,G.,Lemey,P.,Iani,F.,Cunha,M.S.,Bispo de Filippis,A.M.,Sabino,E.C.,Faria,N.R.	Hill et al.	Royal Veterinary College, Pathobiology and Population Sciences	https://www.ncbi.nlm.nih.gov/nuccore/ON022461	Clade VI	1.0	0.0	97.0	0.0	good	good	good	good	good	good	good		T276C,A297T		T525C,A528G,A654G,G660A,G666A	2.0	0.0	5.0	7.0		0.0
ON022472	ON022472.1	2643/2018	2018-02-24	South America	Brazil	Rj	Angra Dos Reis [Ibge7 3300100]	10172	Homo sapiens	2022-08-28	2022-08-28		Hill,S.C.,Dellicour,S.,Claro,I.M.,Sequeira,P.,Adelino,T.,Theze,J.,Wu,C.-H.,Rebello Moreira,F.R.,Giovanetti,M.,Li,S.,de Jesus,J.G.,Colon-Gonzalez,F.,Chamberlain,H.R.,Pannell,O.,Tejedor-Garavito,N.,Bruycker-Nogueira,F.,Fabri,A.A.,Xavier,J.,Zarebski,A.E.,Hamlet,A.,Mureb Sallum,M.A.,da Costa,A.C.,Manuli,E.,Levin,A.S.,Mucci,L.F.,Tubaki,R.M.,Tironi de Menezes,R.M.,Telles de Deus,J.,Spinola,R.,Saad,L.,Kallas,E.G.,Wint,G.W.,Peixoto,P.S.,de Souza Santo,A.,Messina,J.P.,Brady,O.J.,Tatem,A.,Suchard,M.A.,Mendez-Rico,J.,Abreu,A.,Alcantara,L.C.J.,Santana Aguiar,R.,Pybus,O.G.,Baele,G.,Lemey,P.,Iani,F.,Cunha,M.S.,Bispo de Filippis,A.M.,Sabino,E.C.,Faria,N.R.	Hill et al.	Royal Veterinary College, Pathobiology and Population Sciences	https://www.ncbi.nlm.nih.gov/nuccore/ON022472	Clade VI	1.0	0.0	97.0	0.0	good	good	good	good	good	good	good		T276C,A297T		T525C,A528G,A654G,G660A,G666A	2.0	0.0	5.0	7.0		0.0
ON022540	ON022540.1	CP6	2018-03-11	South America	Brazil	São Paulo	Carapicuiba [Ibge7 3510609]	10172	Homo sapiens	2022-08-28	2022-08-28		Hill,S.C.,Dellicour,S.,Claro,I.M.,Sequeira,P.,Adelino,T.,Theze,J.,Wu,C.-H.,Rebello Moreira,F.R.,Giovanetti,M.,Li,S.,de Jesus,J.G.,Colon-Gonzalez,F.,Chamberlain,H.R.,Pannell,O.,Tejedor-Garavito,N.,Bruycker-Nogueira,F.,Fabri,A.A.,Xavier,J.,Zarebski,A.E.,Hamlet,A.,Mureb Sallum,M.A.,da Costa,A.C.,Manuli,E.,Levin,A.S.,Mucci,L.F.,Tubaki,R.M.,Tironi de Menezes,R.M.,Telles de Deus,J.,Spinola,R.,Saad,L.,Kallas,E.G.,Wint,G.W.,Peixoto,P.S.,de Souza Santo,A.,Messina,J.P.,Brady,O.J.,Tatem,A.,Suchard,M.A.,Mendez-Rico,J.,Abreu,A.,Alcantara,L.C.J.,Santana Aguiar,R.,Pybus,O.G.,Baele,G.,Lemey,P.,Iani,F.,Cunha,M.S.,Bispo de Filippis,A.M.,Sabino,E.C.,Faria,N.R.	Hill et al.	Royal Veterinary College, Pathobiology and Population Sciences	https://www.ncbi.nlm.nih.gov/nuccore/ON022540	Clade VI	1.0	0.0	97.0	0.0	good	good	good	good	good	good	good		T276C,A297T		T525C,A528G,A654G,G660A,G666A	2.0	0.0	5.0	7.0		0.0
ON022573	ON022573.1	PNH951	2017-03-28	South America	Brazil	São Paulo	Campinas [Ibge7 3509502]	10172	Alouatta	2022-08-28	2022-08-28		Hill,S.C.,Dellicour,S.,Claro,I.M.,Sequeira,P.,Adelino,T.,Theze,J.,Wu,C.-H.,Rebello Moreira,F.R.,Giovanetti,M.,Li,S.,de Jesus,J.G.,Colon-Gonzalez,F.,Chamberlain,H.R.,Pannell,O.,Tejedor-Garavito,N.,Bruycker-Nogueira,F.,Fabri,A.A.,Xavier,J.,Zarebski,A.E.,Hamlet,A.,Mureb Sallum,M.A.,da Costa,A.C.,Manuli,E.,Levin,A.S.,Mucci,L.F.,Tubaki,R.M.,Tironi de Menezes,R.M.,Telles de Deus,J.,Spinola,R.,Saad,L.,Kallas,E.G.,Wint,G.W.,Peixoto,P.S.,de Souza Santo,A.,Messina,J.P.,Brady,O.J.,Tatem,A.,Suchard,M.A.,Mendez-Rico,J.,Abreu,A.,Alcantara,L.C.J.,Santana Aguiar,R.,Pybus,O.G.,Baele,G.,Lemey,P.,Iani,F.,Cunha,M.S.,Bispo de Filippis,A.M.,Sabino,E.C.,Faria,N.R.	Hill et al.	Royal Veterinary College, Pathobiology and Population Sciences	https://www.ncbi.nlm.nih.gov/nuccore/ON022573	Clade VI	1.0	0.0	97.0	0.0	good	good	good	good	good	good	good		T276C,A297T		T525C,A528G,A654G,G660A,G666A	2.0	0.0	5.0	7.0		0.0
ON022596	ON022596.1	PNH1296	2017-04-29	South America	Brazil	São Paulo	Vinhedo [Ibge7 3556701]	10172	Alouatta	2022-08-28	2022-08-28		Hill,S.C.,Dellicour,S.,Claro,I.M.,Sequeira,P.,Adelino,T.,Theze,J.,Wu,C.-H.,Rebello Moreira,F.R.,Giovanetti,M.,Li,S.,de Jesus,J.G.,Colon-Gonzalez,F.,Chamberlain,H.R.,Pannell,O.,Tejedor-Garavito,N.,Bruycker-Nogueira,F.,Fabri,A.A.,Xavier,J.,Zarebski,A.E.,Hamlet,A.,Mureb Sallum,M.A.,da Costa,A.C.,Manuli,E.,Levin,A.S.,Mucci,L.F.,Tubaki,R.M.,Tironi de Menezes,R.M.,Telles de Deus,J.,Spinola,R.,Saad,L.,Kallas,E.G.,Wint,G.W.,Peixoto,P.S.,de Souza Santo,A.,Messina,J.P.,Brady,O.J.,Tatem,A.,Suchard,M.A.,Mendez-Rico,J.,Abreu,A.,Alcantara,L.C.J.,Santana Aguiar,R.,Pybus,O.G.,Baele,G.,Lemey,P.,Iani,F.,Cunha,M.S.,Bispo de Filippis,A.M.,Sabino,E.C.,Faria,N.R.	Hill et al.	Royal Veterinary College, Pathobiology and Population Sciences	https://www.ncbi.nlm.nih.gov/nuccore/ON022596	Clade VI	1.0	0.0	97.0	0.0	good	good	good	good	good	good	good		T276C,A297T		T525C,A528G,A654G,G660A,G666A	2.0	0.0	5.0	7.0		0.0
ON022603	ON022603.1	PNH2871	2018-01-04	South America	Brazil	São Paulo	Sao Paulo [Ibge7 3550308]	10172	Alouatta	2022-08-28	2022-08-28		Hill,S.C.,Dellicour,S.,Claro,I.M.,Sequeira,P.,Adelino,T.,Theze,J.,Wu,C.-H.,Rebello Moreira,F.R.,Giovanetti,M.,Li,S.,de Jesus,J.G.,Colon-Gonzalez,F.,Chamberlain,H.R.,Pannell,O.,Tejedor-Garavito,N.,Bruycker-Nogueira,F.,Fabri,A.A.,Xavier,J.,Zarebski,A.E.,Hamlet,A.,Mureb Sallum,M.A.,da Costa,A.C.,Manuli,E.,Levin,A.S.,Mucci,L.F.,Tubaki,R.M.,Tironi de Menezes,R.M.,Telles de Deus,J.,Spinola,R.,Saad,L.,Kallas,E.G.,Wint,G.W.,Peixoto,P.S.,de Souza Santo,A.,Messina,J.P.,Brady,O.J.,Tatem,A.,Suchard,M.A.,Mendez-Rico,J.,Abreu,A.,Alcantara,L.C.J.,Santana Aguiar,R.,Pybus,O.G.,Baele,G.,Lemey,P.,Iani,F.,Cunha,M.S.,Bispo de Filippis,A.M.,Sabino,E.C.,Faria,N.R.	Hill et al.	Royal Veterinary College, Pathobiology and Population Sciences	https://www.ncbi.nlm.nih.gov/nuccore/ON022603	Clade VI	1.0	0.0	97.0	0.0	good	good	good	good	good	good	good		T276C,A297T		T525C,A528G,A654G,G660A,G666A	2.0	0.0	5.0	7.0		0.0
ON022733	ON022733.1	4838/2018	2018-06-04	South America	Brazil	Rj	Rio de Janeiro [Ibge7 3304557]	9884	Callithrix	2022-08-28	2022-08-28		Hill,S.C.,Dellicour,S.,Claro,I.M.,Sequeira,P.,Adelino,T.,Theze,J.,Wu,C.-H.,Rebello Moreira,F.R.,Giovanetti,M.,Li,S.,de Jesus,J.G.,Colon-Gonzalez,F.,Chamberlain,H.R.,Pannell,O.,Tejedor-Garavito,N.,Bruycker-Nogueira,F.,Fabri,A.A.,Xavier,J.,Zarebski,A.E.,Hamlet,A.,Mureb Sallum,M.A.,da Costa,A.C.,Manuli,E.,Levin,A.S.,Mucci,L.F.,Tubaki,R.M.,Tironi de Menezes,R.M.,Telles de Deus,J.,Spinola,R.,Saad,L.,Kallas,E.G.,Wint,G.W.,Peixoto,P.S.,de Souza Santo,A.,Messina,J.P.,Brady,O.J.,Tatem,A.,Suchard,M.A.,Mendez-Rico,J.,Abreu,A.,Alcantara,L.C.J.,Santana Aguiar,R.,Pybus,O.G.,Baele,G.,Lemey,P.,Iani,F.,Cunha,M.S.,Bispo de Filippis,A.M.,Sabino,E.C.,Faria,N.R.	Hill et al.	Royal Veterinary College, Pathobiology and Population Sciences	https://www.ncbi.nlm.nih.gov/nuccore/ON022733	Clade VI	1.0	0.0	97.0	0.0	good	good	good	good	good	good	good		T276C,A297T		T525C,A528G,A654G,G660A,G666A	2.0	0.0	5.0	7.0		0.0
OP508585	OP508585.1	MG202-2022	2022-01-17	South America	Brazil	Brasilia de Minas	Minas Gerais	10194		2023-02-12	2023-02-12		Giovanetti,M.,Fonseca,V.,Lourenco,J.,Xavier,J.,Adelino,T.,Oliveira,C.,Fritsch,H.,Guimaraes,N.,Zanluca,C.,Ribeiro,A.C.,Alcantara,L.C.J.,Nunes,C.D.	Giovanetti et al.	Pan-American Health Organization (PAHO), PAHO Health Emergency (PHE)	https://www.ncbi.nlm.nih.gov/nuccore/OP508585	Clade VI	1.0	0.0	97.0	0.0	good	good	good	mediocre	good	good	good		C183T,T276C,A297T		A159G,T525C,A528G,A654G,G660A,G666A	3.0	0.0	6.0	9.0		0.0
OP508658	OP508658.1	PR137-2021	2021-02-10	South America	Brazil	Santa Catarina		10080	Alouatta sp.	2023-02-12	2023-02-12		Giovanetti,M.,Fonseca,V.,Lourenco,J.,Xavier,J.,Adelino,T.,Oliveira,C.,Fritsch,H.,Guimaraes,N.,Zanluca,C.,Ribeiro,A.C.,Alcantara,L.C.J.,Nunes,C.D.	Giovanetti et al.	Pan-American Health Organization (PAHO), PAHO Health Emergency (PHE)	https://www.ncbi.nlm.nih.gov/nuccore/OP508658	Clade VI	0.8735119047619048	85.0	89.0	0.0	bad	bad	good	mediocre	good	good	good		T276C,A297T		T492C,T525C,A528G,A654G,G660A,G666A	2.0	0.0	6.0	8.0		0.0
OP508677	OP508677.1	PR167-2021	2021-02-14	South America	Brazil	Capao Alto	Santa Catarina	10180	Alouatta sp.	2023-02-12	2023-02-12		Giovanetti,M.,Fonseca,V.,Lourenco,J.,Xavier,J.,Adelino,T.,Oliveira,C.,Fritsch,H.,Guimaraes,N.,Zanluca,C.,Ribeiro,A.C.,Alcantara,L.C.J.,Nunes,C.D.	Giovanetti et al.	Pan-American Health Organization (PAHO), PAHO Health Emergency (PHE)	https://www.ncbi.nlm.nih.gov/nuccore/OP508677	Clade VI	0.5610119047619048	295.0	53.0	0.0	bad	bad	good	good	good	good	good		T276C,A297T			2.0	0.0	0.0	2.0		0.0
OP508700	OP508700.1	PR191-2020	2020-01-20	South America	Brazil	Antonio Olinto	Parana	10218	Alouatta guariba clamitans	2023-02-12	2023-02-12		Giovanetti,M.,Fonseca,V.,Lourenco,J.,Xavier,J.,Adelino,T.,Oliveira,C.,Fritsch,H.,Guimaraes,N.,Zanluca,C.,Ribeiro,A.C.,Alcantara,L.C.J.,Nunes,C.D.	Giovanetti et al.	Pan-American Health Organization (PAHO), PAHO Health Emergency (PHE)	https://www.ncbi.nlm.nih.gov/nuccore/OP508700	Clade VI	1.0	0.0	98.0	0.0	good	good	good	mediocre	good	good	good		T276C,A297T		C405T,T525C,A528G,A654G,G660A,G666A	2.0	0.0	6.0	8.0		0.0
OQ714248	OQ714248.1	Pool81/Brazil/2018	2018-01-04	South America	Brazil	São Paulo	Sao Paulo	10222	Culicidae	2024-07-28	2024-07-28		Claro,I.M.,de Deus,J.T.,Cunha,M.S.,Pinter,A.,Carvalho,M.P.,Moreira,F.R.R.,Bertanhe,M.,Coletti,T.M.,da Silva,C.A.M.,de Jesus,J.G.,dos Santos Andrade,P.,Sabino,E.C.,Faria,N.R.	Claro et al.	Imperial College London, School of Public Health	https://www.ncbi.nlm.nih.gov/nuccore/OQ714248	Clade VI	1.0	0.0	97.0	0.0	good	good	good	good	good	good	good		T276C,A297T		T525C,A528G,A654G,G660A,G666A	2.0	0.0	5.0	7.0		0.0
OQ714250	OQ714250.1	NHP2067/Brazil/2017	2017-10-09	South America	Brazil	São Paulo	Sao Paulo	10222	Primates	2024-07-28	2024-07-28		Claro,I.M.,de Deus,J.T.,Cunha,M.S.,Pinter,A.,Carvalho,M.P.,Moreira,F.R.R.,Bertanhe,M.,Coletti,T.M.,da Silva,C.A.M.,de Jesus,J.G.,dos Santos Andrade,P.,Sabino,E.C.,Faria,N.R.	Claro et al.	Imperial College London, School of Public Health	https://www.ncbi.nlm.nih.gov/nuccore/OQ714250	Clade VI	1.0	0.0	97.0	0.0	good	good	good	good	good	good	good		T276C,A297T		T525C,A528G,A654G,G660A,G666A	2.0	0.0	5.0	7.0		0.0
