accession	strain	pathoplexus_strain	date	PPX_accession	PPX_accession__url	INSDC_accession	INSDC_accession__url	region	country	division	location	host	genotype_ppx	date_submitted	sra_accession	authors	institution	dataUseTerms	dataUseTerms__url	restrictedUntil	is_reference	clade	coverage	missing_data	divergence	nonACGTN	QC_overall	QC_missing_data	QC_mixed_sites	QC_rare_mutations	QC_snp_clusters	QC_frame_shifts	QC_stop_codons	frame_shifts	private_reversion_substitutions	private_labeled_substitutions	private_unlabeled_substitutions	private_total_reversion_substitutions	private_total_labeled_substitutions	private_total_unlabeled_substitutions	private_total_private_substitutions	private_snp_clusters	private_total_snp_clusters
PP_00371YK	MVs/Las Palmas.SPA/11.06/1 [B3]	Spain/PP_00371YK.2/2006-03-13	2006-03-13	PP_00371YK.2	https://pathoplexus.org/seq/PP_00371YK.2	EU086733.1	https://www.ncbi.nlm.nih.gov/nuccore/EU086733.1	Europe	Spain				B3	2008-07-29		Kremer, J. R.; Brown, K. E.; Jin, L.; Santibanez, S.; Shulga, S. V.; Aboudy, Y.; Demchyshyna, I. V.; Djemileva, S.; Echevarria, J. E.; Featherstone, D. F.; Hukic, M.; Johansen, K.; Litwinska, B.; Lopareva, E.; Lupulescu, E.; Mentis, A.; Mihneva, Z.; Mosquera, M. M.; Muscat, M.; Naumova, M. A.; Nedeljkovic, J.; Nekrasova, L. S.; Magurano, F.; Fortuna, C.; de Andrade, H. R.; Richard, J. L.; Robo, A.; Rota, P. A.; Samoilovich, E. O.; Sarv, I.; Semeiko, G. V.; Shugayev, N.; Utegenova, E. S.; van Binnendijk, R.; Vinner, L.; Waku-Kouomou, D.; Wild, T. F.; Brown, D. W.; Mankertz, A.; Muller, C. P.; Mulders, M. N.; de Ory, F.	Instituto de Salud Carlos III, Diagnostic Microbiology Center	OPEN	https://pathoplexus.org/about/terms-of-use/open-data			B3	1.0	0.0	33.0	0.0	good	good	good	good	good	good	good					0.0	0.0	0.0	0.0		0.0
PP_0037K7J	MVi/Khonkaen.THA/9.08/4	Thailand/PP_0037K7J.2/2008-03-01	2008-03-01	PP_0037K7J.2	https://pathoplexus.org/seq/PP_0037K7J.2	FJ356077.1	https://www.ncbi.nlm.nih.gov/nuccore/FJ356077.1	Asia	Thailand				D9	2008-11-04		Pattamadilok, S.; Incomserb, P.; Primsirikunawut, A.; Lukebua, A.; Rota, P. A.; Sawanpanyalert, P.; Sungdee, A.; Kumperasart, S.; Lukbua, A.; Aramrungroch, P.; Rota, P.	National Institute of Health, Department of Medical Sciences	OPEN	https://pathoplexus.org/about/terms-of-use/open-data			D9	1.0	0.0	21.0	0.0	good	good	good	good	good	good	good					0.0	0.0	0.0	0.0		0.0
PP_0037S0R	MVi/New York.USA/2.09/1	USA/PP_0037S0R.2/2009-01-13	2009-01-13	PP_0037S0R.2	https://pathoplexus.org/seq/PP_0037S0R.2	FJ848879.1	https://www.ncbi.nlm.nih.gov/nuccore/FJ848879.1	North America	USA				D8	2009-05-24		Tian, Y.; Lowe, L.; Rota, J.; Rota, P.	Centers for Disease Control, Measels, Mumps, Rubella & Herpes Laboratory Branch	OPEN	https://pathoplexus.org/about/terms-of-use/open-data			D8	1.0	0.0	24.0	0.0	good	good	good	good	good	good	good				C435T	0.0	0.0	1.0	1.0		0.0
PP_003BP4C	MVs/UttarPradesh.IND/14.13/TA575[D8]	India/PP_003BP4C.2/2013-04-01	2013-04-01	PP_003BP4C.2	https://pathoplexus.org/seq/PP_003BP4C.2	KF747705.1	https://www.ncbi.nlm.nih.gov/nuccore/KF747705.1	Asia	India				D8	2014-10-07		Jain, B.; Jain, A.; Singh, K. P.; Prakash, S.; Singh, A. K.; Khan, D. N.; Singh, D. D.; Jain, P.	King George's Medical University, Microbiology	OPEN	https://pathoplexus.org/about/terms-of-use/open-data			D8	1.0	0.0	17.0	0.0	good	good	good	good	good	good	good				C402T	0.0	0.0	1.0	1.0		0.0
PP_003CYEF	MVs/Benguet/PHL/24.11/6682[D9]	Philippines/PP_003CYEF.2/2011-06-17	2011-06-17	PP_003CYEF.2	https://pathoplexus.org/seq/PP_003CYEF.2	KM066727.1	https://www.ncbi.nlm.nih.gov/nuccore/KM066727.1	Asia	Philippines				D9	2015-01-07		Centeno, R.; Fuji, N.; Okamoto, M.; Dapat, C.; Saito, M.; Tandoc, A.; Lupisan, S.; Oshitani, H.	Tohoku University Graduate School of Medicine, Department of Virology	OPEN	https://pathoplexus.org/about/terms-of-use/open-data																								
PP_003DGHN	MVi/Taichung.TWN/36.14/1[B3]	Taiwan/PP_003DGHN.2/2014-09-01	2014-09-01	PP_003DGHN.2	https://pathoplexus.org/seq/PP_003DGHN.2	KP769792.1	https://www.ncbi.nlm.nih.gov/nuccore/KP769792.1	Asia	Taiwan				B3	2015-02-17		Cheng, W. Y.; Wang, H. C.; Wu, H. S.; Liu, M. T.; Cheng, W.-Y.; Wang, H.-C.; Liu, M.-T.	Centers for Disease Control, Ministry of Health and Welfare, Taiwan, R.O.C., Center for Research, Diagnostics and Vaccine Development	OPEN	https://pathoplexus.org/about/terms-of-use/open-data			B3	1.0	0.0	35.0	0.0	good	good	good	good	good	good	good					0.0	0.0	0.0	0.0		0.0
PP_003DM90	MVs/Zhob.PAK/50.2014/3-OS-77[B3]	Pakistan/PP_003DM90.2/2014-12-12	2014-12-12	PP_003DM90.2	https://pathoplexus.org/seq/PP_003DM90.2	KR011883.1	https://www.ncbi.nlm.nih.gov/nuccore/KR011883.1	Asia	Pakistan				B3	2016-12-26		Zaidi, S.; Sharif, S.; Shaukat, S.; Alam, M.; Khurshed, A.; Rana, S.	NIH PAK, Virology	OPEN	https://pathoplexus.org/about/terms-of-use/open-data			B3	1.0	0.0	38.0	0.0	good	good	good	good	good	good	good				G176T,G406A,C417G	0.0	0.0	3.0	3.0		0.0
PP_003DR70	MVs/Palermo.ITA/12.15[A-vaccine]	Italy/PP_003DR70.2/2015-03-19	2015-03-19	PP_003DR70.2	https://pathoplexus.org/seq/PP_003DR70.2	KR262161.1	https://www.ncbi.nlm.nih.gov/nuccore/KR262161.1	Europe	Italy				A	2015-05-02		Tramuto, F.	University of Palermo, Department of Health Promotion Sciences and Mother-Child Care 'G. D'Alessandro'	OPEN	https://pathoplexus.org/about/terms-of-use/open-data																								
PP_003E2VA	MVs/Umaria.IND/17.15[D8]	India/PP_003E2VA.2/2015-04-24	2015-04-24	PP_003E2VA.2	https://pathoplexus.org/seq/PP_003E2VA.2	KT283639.1	https://www.ncbi.nlm.nih.gov/nuccore/KT283639.1	Asia	India				D8	2015-07-20		Vaidya, S. R.; Chowdhury, D. T.; Haldar, P.	National Institute of Virology, Measles Group	OPEN	https://pathoplexus.org/about/terms-of-use/open-data			D8	0.9933333333333332	0.0	20.0	0.0	good	good	good	good	good	good	good		T251C		T104C,T186C,T255C	1.0	0.0	3.0	4.0		0.0
PP_003G0KU	MVs/Yamagata.JPN/11.17/1[D8]-539	Japan/PP_003G0KU.2/2017-03-17	2017-03-17	PP_003G0KU.2	https://pathoplexus.org/seq/PP_003G0KU.2	LC311248.1	https://www.ncbi.nlm.nih.gov/nuccore/LC311248.1	Asia	Japan	Yamagata			D8	2017-07-15		Komabayashi, K.; Ikeda, T.; Seto, J.; Tanaka, S.; Suzuki, Y.; Mizuta, K.	Microbiology; 1-6-6 Tokamachi, Yamagata, Yamagata 990-0031	OPEN	https://pathoplexus.org/about/terms-of-use/open-data			D8	1.0	0.0	20.0	0.0	good	good	good	good	good	good	good					0.0	0.0	0.0	0.0		0.0
PP_003GWVC	MVs/Attiki.GR/08.17.16/[B3]	Greece/PP_003GWVC.2/2017-08-24	2017-08-24	PP_003GWVC.2	https://pathoplexus.org/seq/PP_003GWVC.2	MF977807.1	https://www.ncbi.nlm.nih.gov/nuccore/MF977807.1	Europe	Greece				B3	2018-06-25		Pogka, V.; Horefti, E.; Mentis, A. F.	Hellenic Pasteur Institute, National Measles and Rubella Reference Laboratory	OPEN	https://pathoplexus.org/about/terms-of-use/open-data			B3	1.0	0.0	36.0	0.0	good	good	good	good	good	good	good				G176T	0.0	0.0	1.0	1.0		0.0
PP_003JBCT	MVs/DongThap.VNM/07.14[D8]	Viet_Nam/PP_003JBCT.2/2014-07-14	2014-07-14	PP_003JBCT.2	https://pathoplexus.org/seq/PP_003JBCT.2	MK142916.1	https://www.ncbi.nlm.nih.gov/nuccore/MK142916.1	Asia	Vietnam				D8	2018-12-30		Lu, L.; Robertson, G.; Ivens, A.; Ashworth, J.; Woolhouse, M.	University of Edinburgh, Centre for Immunity, Infection and Evolution	OPEN	https://pathoplexus.org/about/terms-of-use/open-data			D8	1.0	0.0	31.0	0.0	good	good	good	good	good	good	good					0.0	0.0	0.0	0.0		0.0
PP_003K4MD	MVs/HongKong.CHN/14.19/3[B3]	China/PP_003K4MD.2/2019-04-01	2019-04-01	PP_003K4MD.2	https://pathoplexus.org/seq/PP_003K4MD.2	MK803472.1	https://www.ncbi.nlm.nih.gov/nuccore/MK803472.1	Asia	China				B3	2019-04-28		Woo, G. K. S.; Chan, S. C. H.; Chan, R. C. W.; Tsang, D. N. C.	Centre for Health Protection, Microbiology Division, PHLSB	OPEN	https://pathoplexus.org/about/terms-of-use/open-data			B3	1.0	0.0	37.0	0.0	good	good	good	good	good	good	good					0.0	0.0	0.0	0.0		0.0
PP_003KBTU	MVs/Xi'an.CHN/8.15[H1]	China/PP_003KBTU.2/2015-02-17	2015-02-17	PP_003KBTU.2	https://pathoplexus.org/seq/PP_003KBTU.2	MN366226.1	https://www.ncbi.nlm.nih.gov/nuccore/MN366226.1	Asia	China				H1	2022-01-01		Li, Y.	Xi 'an center for disease control and prevention, virology division	OPEN	https://pathoplexus.org/about/terms-of-use/open-data																								
PP_003MJDC	MVs/Overijssel.NLD/22.19/3/[D8]	Netherlands/PP_003MJDC.2/2019-05-29	2019-05-29	PP_003MJDC.2	https://pathoplexus.org/seq/PP_003MJDC.2	MW364899.1	https://www.ncbi.nlm.nih.gov/nuccore/MW364899.1	Europe	Netherlands				D8	2021-04-20		Bodewes, R.; Reijnen, L.; Zwagemaker, F.; Kohl, R. H. G.; Kerkhof, J.; Veldhuijzen, I. K.; van Binnendijk, R.	National Institute for Public Health and the Environment RIVM, Centre for Infectious Disease Research, Diagnostics and laboratory Surveillance (IDS)	OPEN	https://pathoplexus.org/about/terms-of-use/open-data																								
PP_003MJUF	MVs/Flevoland.NLD/25.19/[D8]	Netherlands/PP_003MJUF.2/2019-06-20	2019-06-20	PP_003MJUF.2	https://pathoplexus.org/seq/PP_003MJUF.2	MW364914.1	https://www.ncbi.nlm.nih.gov/nuccore/MW364914.1	Europe	Netherlands				D8	2021-04-20		Bodewes, R.; Reijnen, L.; Zwagemaker, F.; Kohl, R. H. G.; Kerkhof, J.; Veldhuijzen, I. K.; van Binnendijk, R.	National Institute for Public Health and the Environment RIVM, Centre for Infectious Disease Research, Diagnostics and laboratory Surveillance (IDS)	OPEN	https://pathoplexus.org/about/terms-of-use/open-data																								
PP_003MPLS	MVs/Hubei.CHN/17.18/3[H1]	China/PP_003MPLS.2/2018-04-22	2018-04-22	PP_003MPLS.2	https://pathoplexus.org/seq/PP_003MPLS.2	MW887705.1	https://www.ncbi.nlm.nih.gov/nuccore/MW887705.1	Asia	China				H1	2022-09-02		Wang, H.; Zhu, Z.; Duan, X.; Song, J.; Mao, N.; Cui, A.; Wang, C.; Du, H.; Wang, Y.; Li, F.; Zhou, S.; Feng, D.; Li, C.; Gao, H.; He, J.; Li, L.; Lei, Y.; Zheng, H.; Gong, T.; Hu, Y.; Xu, C.; Zhao, H.; Sun, Z.; Chen, Y.; Tang, X.; Chen, M.; Deng, L.; Wang, S.; Tian, X.; Zhang, T.; Si, Y.; Yuan, F.; Fan, L.; Mahemutijiang, K.; Chen, Z.; Chen, H.; Xu, W.; Zhang, Y.; Pierre, R.	Institute for Viral Disease Control and Prevention, Chinese Center for Disease Control and Prevention, Measles lab	OPEN	https://pathoplexus.org/about/terms-of-use/open-data			H1	1.0	0.0	43.0	0.0	good	good	good	good	good	good	good				G422T,A434C,G448A	0.0	0.0	3.0	3.0		0.0
PP_003MU4L	MVs/Yunnan.CHN/11.19/[D8]	China/PP_003MU4L.2/2019-03-13	2019-03-13	PP_003MU4L.2	https://pathoplexus.org/seq/PP_003MU4L.2	MW887859.1	https://www.ncbi.nlm.nih.gov/nuccore/MW887859.1	Asia	China				D8	2022-09-02		Wang, H.; Zhu, Z.; Duan, X.; Song, J.; Mao, N.; Cui, A.; Wang, C.; Du, H.; Wang, Y.; Li, F.; Zhou, S.; Feng, D.; Li, C.; Gao, H.; He, J.; Li, L.; Lei, Y.; Zheng, H.; Gong, T.; Hu, Y.; Xu, C.; Zhao, H.; Sun, Z.; Chen, Y.; Tang, X.; Chen, M.; Deng, L.; Wang, S.; Tian, X.; Zhang, T.; Si, Y.; Yuan, F.; Fan, L.; Mahemutijiang, K.; Chen, Z.; Chen, H.; Xu, W.; Zhang, Y.; Pierre, R.	Institute for Viral Disease Control and Prevention, Chinese Center for Disease Control and Prevention, Measles lab	OPEN	https://pathoplexus.org/about/terms-of-use/open-data			D8	1.0	0.0	19.0	0.0	good	good	good	good	good	good	good					0.0	0.0	0.0	0.0		0.0
PP_003NA18	MVi/Sichuan.CHN/15.15/24[H1]	China/PP_003NA18.2/2015-04-17	2015-04-17	PP_003NA18.2	https://pathoplexus.org/seq/PP_003NA18.2	MZ483938.1	https://www.ncbi.nlm.nih.gov/nuccore/MZ483938.1	Asia	China				H1	2023-12-31		Wang, H.	china CDC, National Institute for Viral Disease Control and Prevention	OPEN	https://pathoplexus.org/about/terms-of-use/open-data			H1	1.0	0.0	39.0	0.0	good	good	good	good	good	good	good				T132C	0.0	0.0	1.0	1.0		0.0
PP_003NL5Q	MVs/Yunnan.CHN/05.14/[D9]	China/PP_003NL5Q.2/2014-02-02	2014-02-02	PP_003NL5Q.2	https://pathoplexus.org/seq/PP_003NL5Q.2	OM584351.1	https://www.ncbi.nlm.nih.gov/nuccore/OM584351.1	Asia	China				D9	2022-09-07		Wang, H.; Zhu, Z.; Duan, X.; Song, J.; Mao, N.; Cui, A.; Wang, C.; Du, H.; Wang, Y.; Li, F.; Zhou, S.; Feng, D.; Li, C.; Gao, H.; He, J.; Li, L.; Lei, Y.; Zheng, H.; Gong, T.; Hu, Y.; Xu, C.; Zhao, H.; Sun, Z.; Chen, Y.; Tang, X.; Chen, M.; Deng, L.; Wang, S.; Tian, X.; Zhang, T.; Si, Y.; Yuan, F.; Fan, L.; Mahemutijiang, K.; Chen, Z.; Chen, H.; Xu, W.; Zhang, Y.	Institute for Viral Disease Control and Prevention, Chinese Center for Disease Control and Prevention, Measles lab	OPEN	https://pathoplexus.org/about/terms-of-use/open-data			D9	1.0	0.0	25.0	0.0	bad	good	good	mediocre	mediocre	good	good		T417C,A422G		C317A,A318C,G319A,T388C,C414T,C420A,G423A	2.0	0.0	7.0	9.0	388-422:6	6.0
PP_003PMLQ	MVs/Taipei.TWN/19.19/1[B3]	Taiwan/PP_003PMLQ.2/2019-05-08	2019-05-08	PP_003PMLQ.2	https://pathoplexus.org/seq/PP_003PMLQ.2	OP680191.1	https://www.ncbi.nlm.nih.gov/nuccore/OP680191.1	Asia	Taiwan				B3	2023-01-18		Cheng, W.-Y.; Chen, B.-S.; Wang, H.-C.; Liu, M.-T.	Centers for Disease Control, Ministry of Health and Welfare, Taiwan, R.O.C., Center for Research, Diagnostics and Vaccine Development	OPEN	https://pathoplexus.org/about/terms-of-use/open-data			B3	1.0	0.0	37.0	0.0	good	good	good	good	good	good	good					0.0	0.0	0.0	0.0		0.0
PP_003PSFW	MVs/Taoyuan.TWN/16.19/9[B3]	Taiwan/PP_003PSFW.2/2019-04-16	2019-04-16	PP_003PSFW.2	https://pathoplexus.org/seq/PP_003PSFW.2	OP680342.1	https://www.ncbi.nlm.nih.gov/nuccore/OP680342.1	Asia	Taiwan				B3	2023-01-18		Cheng, W.-Y.; Chen, B.-S.; Wang, H.-C.; Liu, M.-T.	Centers for Disease Control, Ministry of Health and Welfare, Taiwan, R.O.C., Center for Research, Diagnostics and Vaccine Development	OPEN	https://pathoplexus.org/about/terms-of-use/open-data																								
PP_003PXWU	MVs/Hormozgan.IRN/5.23/1[B3]	Iran/PP_003PXWU.2/2023-02-02	2023-02-02	PP_003PXWU.2	https://pathoplexus.org/seq/PP_003PXWU.2	OR027142.1	https://www.ncbi.nlm.nih.gov/nuccore/OR027142.1	Asia	Iran				B3	2023-05-31		Mokhtari, T.; Salimi, V.; Abbasi, S.; Esmaeiloghli, A.	school of Public Health Tehran University of medicine, Virology	OPEN	https://pathoplexus.org/about/terms-of-use/open-data			B3	1.0	0.0	39.0	0.0	good	good	good	good	good	good	good					0.0	0.0	0.0	0.0		0.0
PP_003Q147	MVs/Conakry.GIN/15.23[B3]	Guinea/PP_003Q147.2/2023-04-09	2023-04-09	PP_003Q147.2	https://pathoplexus.org/seq/PP_003Q147.2	OR346800.1	https://www.ncbi.nlm.nih.gov/nuccore/OR346800.1	Africa	Guinea				B3	2024-12-23		Anguinze Yegbia, R. S.; Toure, A.; Cisse, F.; Krambo, R. A.-G.; Grayo, S.; Roques, P.; Tordo, N.	Institut Pasteur, Virology	OPEN	https://pathoplexus.org/about/terms-of-use/open-data			B3	1.0	0.0	34.0	0.0	good	good	good	good	good	good	good		T177C		A18G	1.0	0.0	1.0	2.0		0.0
PP_003Q86W	MVs/Sao Paulo.BRA/05.20[D8]	Brazil/PP_003Q86W.2/2020-01-30	2020-01-30	PP_003Q86W.2	https://pathoplexus.org/seq/PP_003Q86W.2	OR830037.1	https://www.ncbi.nlm.nih.gov/nuccore/OR830037.1	South America	Brazil	Sao Paulo, Santos			D8	2023-12-07		Sacchi, C. T.; Campos, K. R.; Santos, M. B. N.; dos Santos, F. C. P.	Instituto Adolfo Lutz, Strategic Laboratory	OPEN	https://pathoplexus.org/about/terms-of-use/open-data			D8	1.0	0.0	18.0	0.0	good	good	good	good	good	good	good					0.0	0.0	0.0	0.0		0.0
PP_003QE8L	MVs/Brescia.ITA/11.24[D8]	Italy/PP_003QE8L.2/2024-03-14	2024-03-14	PP_003QE8L.2	https://pathoplexus.org/seq/PP_003QE8L.2	PP556762.1	https://www.ncbi.nlm.nih.gov/nuccore/PP556762.1	Europe	Italy				D8	2024-04-03		Gori, M.; Fappani, C.; Bianchi, S.; Senatore, S.; Colzani, D.; Pasutto, P.; Baggieri, M.; Gioacchini, S.; Marchi, A.; Bucci, S.; D'Ugo, E.; Faccini, M.; Cereda, D.; Tanzi, E.; Magurano, F.; Amendola, A.	Universita degli Studi di Milano, Department of Health Sciences	OPEN	https://pathoplexus.org/about/terms-of-use/open-data																								
PP_004FHP4	MVs/Utah.USA/44.25/31 [D8]	USA/PP_004FHP4.2/2025-11-01	2025-11-01	PP_004FHP4.2	https://pathoplexus.org/seq/PP_004FHP4.2	PX674027.1	https://www.ncbi.nlm.nih.gov/nuccore/PX674027.1	North America	USA	Utah			D8	2025-12-27	SRR36363213	Sainsbury, R.	Utah Public Health Laboratory	OPEN	https://pathoplexus.org/about/terms-of-use/open-data			D8	1.0	0.0	22.0	0.0	good	good	good	good	good	good	good		A288G		G126T	1.0	0.0	1.0	2.0		0.0
PP_004FUTK	MVs/Mityana.UGA/15.25/2	Uganda/PP_004FUTK.1/2025-04-23	2025-04-23	PP_004FUTK.1	https://pathoplexus.org/seq/PP_004FUTK.1	PX359196.1	https://www.ncbi.nlm.nih.gov/nuccore/PX359196.1	Africa	Uganda				B3	2025-12-31		Namuwulya, P.; Turyahabwe, I.; Haumba, J.; Bakamutumaho, B.; Birungi, M.; Nakyeyune, P.; Bwogi, J.; Tushabe, P.; Aine, F.; Bukenya, H.; Nakabazzi, L.; Kisakye, A.; Ampaire, I.; Ukuli, A.	Uganda Virus Research Institute, Expanded Programme on Immmunisation	OPEN	https://pathoplexus.org/about/terms-of-use/open-data			B3	1.0	0.0	41.0	0.0	good	good	good	mediocre	good	good	good				A244G,C292T,G312A,A393G,T444C	0.0	0.0	5.0	5.0		0.0
PP_004HTF6	MVs/Friesland.NLD/19.25[B3]	Netherlands/PP_004HTF6.1/2025-05-12	2025-05-12	PP_004HTF6.1	https://pathoplexus.org/seq/PP_004HTF6.1	PX600596.1	https://www.ncbi.nlm.nih.gov/nuccore/PX600596.1	Europe	Netherlands				B3	2025-12-27		Maissan, C.; van de Nes-Reijnen, L.; Zwag, F.; Cremer, J.; Bodewes, R.	National Institute for Public Health and the Environment RIVM, Centre for Infectious Disease Research, Diagnostics and laboratory Surveillance (IDS)	OPEN	https://pathoplexus.org/about/terms-of-use/open-data			B3	1.0	0.0	38.0	0.0	good	good	good	good	good	good	good				C271T	0.0	0.0	1.0	1.0		0.0
PP_004LQ6M	MVs/South Carolina.USA/1.26/UT-UPHL-260213821451 [D8]	USA/PP_004LQ6M.1/2026-01-03	2026-01-03	PP_004LQ6M.1	https://pathoplexus.org/seq/PP_004LQ6M.1	PZ023781.1	https://www.ncbi.nlm.nih.gov/nuccore/PZ023781.1	North America	USA	South Carolina			D8	2026-02-25		Sainsbury, R.	State of Utah, Unified Public Health Laboratory, Department of Health and Human Services	OPEN	https://pathoplexus.org/about/terms-of-use/open-data			D8	1.0	0.0	22.0	0.0	good	good	good	good	good	good	good		A288G		G126T	1.0	0.0	1.0	2.0		0.0
